category_title,review_reason,records_flagged
Garbage and Unsanitary Practices,Possible category mismatch: road; ,177
"Mobility - Roads, Footpaths and Infrastructure",Possible category mismatch: drainage; ,168
Traffic and Road Safety,Possible category mismatch: road; ,80
Streetlights,Possible category mismatch: road; ,57
Garbage and Unsanitary Practices,Possible category mismatch: drainage; ,49
Street lighting,Possible category mismatch: road; ,45
"Mobility - Roads, Footpaths and Infrastructure",Insufficient information in title; ,44
Garbage and Unsanitary Practices,Insufficient information in title; ,24
"Mobility - Roads, Footpaths and Infrastructure",Possible category mismatch: garbage; ,21
Garbage and Unsanitary Practices,"Possible category mismatch: drainage, road; ",18
"Mobility - Roads, Footpaths and Infrastructure",Possible category mismatch: water; ,17
"Mobility - Roads, Footpaths and Infrastructure",Possible category mismatch: traffic; ,14
Storm Water Drains,Possible category mismatch: road; ,11
Yellow Spot,Possible category mismatch: drainage; ,9
"Mobility - Roads, Footpaths and Infrastructure",Possible category mismatch: streetlight; ,8
Yellow Spot,Insufficient information in title; ,6
Streetlights,Possible category mismatch: drainage; ,6
Streetlights,Possible category mismatch: electricity; ,6
Streetlights,Insufficient information in title; ,5
Sanitation,Possible category mismatch: road; ,5
Garbage and Unsanitary Practices,Possible category mismatch: traffic; ,5
Sanitation,Possible category mismatch: drainage; ,4
Electricity and Power Supply,Possible category mismatch: road; ,4
Street lighting,Possible category mismatch: drainage; ,4
Water Supply and Services,Possible category mismatch: road; ,4
Sewerage Systems,Possible category mismatch: road; ,4
Storm Water Drains,Possible category mismatch: garbage; ,4
Water Supply and Services,Insufficient information in title; ,3
Electricity and Power Supply,Possible category mismatch: streetlight; ,3
Traffic and Road Safety,Insufficient information in title; ,3
Traffic and Road Safety,Possible category mismatch: streetlight; ,3
Water Supply and Services,Possible category mismatch: drainage; ,2
Streetlights,Possible category mismatch: water; ,2
Streetlights,Possible category mismatch: garbage; ,2
Streetlights,Possible category mismatch: traffic; ,2
Yellow Spot,Possible category mismatch: road; ,2
Water Supply,Possible category mismatch: road; ,2
Street lighting,Possible category mismatch: electricity; ,2
"Mobility - Roads, Footpaths and Infrastructure",Possible category mismatch: electricity; ,2
Garbage and Unsanitary Practices,Possible category mismatch: streetlight; ,2
Storm Water Drains,Insufficient information in title; ,2
Street lighting,Possible category mismatch: garbage; ,2
Garbage and Unsanitary Practices,Possible category mismatch: electricity; ,1
Public Toilets,Insufficient information in title; ,1
Parks & Recreation,Insufficient information in title; ,1
"Mobility - Roads, Public transport",Possible category mismatch: traffic; ,1
"Mobility - Roads, Public transport",Possible category mismatch: drainage; ,1
"Mobility - Roads, Footpaths and Infrastructure","Possible category mismatch: drainage, water; ",1
"Mobility - Roads, Footpaths and Infrastructure","Possible category mismatch: drainage, streetlight; ",1
"Mobility - Roads, Footpaths and Infrastructure","Possible category mismatch: drainage, garbage; ",1
"Mobility - Roads, Footpaths and Infrastructure","Possible category mismatch: garbage, streetlight, traffic; ",1
Garbage and Unsanitary Practices,"Possible category mismatch: drainage, water; ",1
Electricity and Power Supply,Insufficient information in title; ,1
Streetlights,"Possible category mismatch: electricity, road; ",1
Street lighting,Insufficient information in title; ,1
Sewerage Systems,Possible category mismatch: garbage; ,1
Street lighting,Possible category mismatch: traffic; ,1
Street lighting,"Possible category mismatch: garbage, road; ",1
Yellow Spot,Possible category mismatch: traffic; ,1
